{"cameraMode":{"drawMode":0,"name":"Shaded","section":"Shading Mode"},"sceneLighting":true,"audioPlay":false,"sceneViewState":{"m_AlwaysRefresh":false,"showFog":true,"showSkybox":false,"showFlares":true,"showImageEffects":true,"showParticleSystems":true,"showVisualEffectGraphs":true,"m_FxEnabled":true},"in2DMode":false,"pivot":{"x":1.5247553586959839,"y":-1.1966335773468018,"z":16.339393615722658},"rotation":{"x":-0.07368313521146774,"y":-0.03978349268436432,"z":0.0029432708397507669,"w":-0.9964801669120789},"size":11.014989852905274,"orthographic":false}